{
	"info": {
		"_postman_id": "83649ab7-1cca-488f-922b-ddac9cf00cf2",
		"name": "Bookstore",
		"schema": "https://schema.getpostman.com/json/collection/v2.1.0/collection.json",
		"_exporter_id": "50805416",
		"_collection_link": "https://jakubstojak-7300688.postman.co/workspace/Jakub-Stojak's-Workspace~fd67385c-64fa-455d-8c6e-4d12cff60dca/collection/50805416-83649ab7-1cca-488f-922b-ddac9cf00cf2?action=share&source=collection_link&creator=50805416"
	},
	"item": [
		{
			"name": "Get All Books",
			"request": {
				"method": "GET",
				"header": []
			},
			"response": []
		},
		{
			"name": "Get Book",
			"request": {
				"method": "GET",
				"header": [],
				"url": {
					"raw": "http://localhost:3001/api/books/:bookId",
					"protocol": "http",
					"host": [
						"localhost"
					],
					"port": "3001",
					"path": [
						"api",
						"books",
						":bookId"
					],
					"variable": [
						{
							"key": "bookId",
							"value": ""
						}
					]
				}
			},
			"response": []
		},
		{
			"name": "Add Book",
			"request": {
				"auth": {
					"type": "bearer",
					"bearer": [
						{
							"key": "token",
							"value": "eyJhbGciOiJIUzI1NiIsInR5cCI6IkpXVCJ9.eyJpZCI6MSwiZW1haWwiOiJzdHVkZW50QGFnaC5lZHUucGwiLCJpYXQiOjE3NjU5OTMyNDIsImV4cCI6MTc2NTk5Njg0Mn0.WWNZOGuYOCaZeGCQrbCpGvo0GKxkE7a0nM4gN52y9n4",
							"type": "string"
						}
					]
				},
				"method": "POST",
				"header": [],
				"body": {
					"mode": "raw",
					"raw": "{\n    \"title\": \"ulisess\",\n    \"author\": \"james joyce\",\n    \"year\": 1920\n}",
					"options": {
						"raw": {
							"language": "json"
						}
					}
				},
				"url": {
					"raw": "http://localhost:3001/api/books",
					"protocol": "http",
					"host": [
						"localhost"
					],
					"port": "3001",
					"path": [
						"api",
						"books"
					]
				}
			},
			"response": []
		},
		{
			"name": "Delete Book",
			"request": {
				"method": "GET",
				"header": []
			},
			"response": []
		},
		{
			"name": "Get User Orders",
			"request": {
				"method": "GET",
				"header": []
			},
			"response": []
		},
		{
			"name": "Patch Order",
			"request": {
				"method": "GET",
				"header": []
			},
			"response": []
		},
		{
			"name": "Delete Order",
			"request": {
				"method": "GET",
				"header": []
			},
			"response": []
		},
		{
			"name": "Add Order",
			"request": {
				"auth": {
					"type": "bearer",
					"bearer": [
						{
							"key": "token",
							"value": "eyJhbGciOiJIUzI1NiIsInR5cCI6IkpXVCJ9.eyJpZCI6MSwiZW1haWwiOiJzdHVkZW50QGFnaC5lZHUucGwiLCJpYXQiOjE3NjU5OTMyNDIsImV4cCI6MTc2NTk5Njg0Mn0.WWNZOGuYOCaZeGCQrbCpGvo0GKxkE7a0nM4gN52y9n4",
							"type": "string"
						}
					]
				},
				"method": "POST",
				"header": [],
				"body": {
					"mode": "raw",
					"raw": "{\n    \"userId\": \"1\",\n    \"bookId\": \"2\",\n    \"quantity\": \"1\"\n}",
					"options": {
						"raw": {
							"language": "json"
						}
					}
				},
				"url": {
					"raw": "http://localhost:3003/api/orders",
					"protocol": "http",
					"host": [
						"localhost"
					],
					"port": "3003",
					"path": [
						"api",
						"orders"
					]
				}
			},
			"response": []
		},
		{
			"name": "Register",
			"request": {
				"method": "POST",
				"header": [],
				"body": {
					"mode": "raw",
					"raw": "{\n  \"email\": \"student@agh.edu.pl\",\n  \"password\": \"Haslo123!\"\n}",
					"options": {
						"raw": {
							"language": "json"
						}
					}
				},
				"url": {
					"raw": "http://localhost:3003/api/register",
					"protocol": "http",
					"host": [
						"localhost"
					],
					"port": "3003",
					"path": [
						"api",
						"register"
					]
				}
			},
			"response": []
		},
		{
			"name": "Login",
			"request": {
				"method": "GET",
				"header": []
			},
			"response": []
		}
	]
}